description,Comp,Pos,Neu,Neg
Amazon founder Jeff Bezos recently warned consumers and businesses they should consider postponing large purchases in the coming months as the global economy contends with a downturn and faces a possible recession.,-0.5719,0.05,0.762,0.188
"Tesla Inc <a href=""https://www.reuters.com/companies/TSLA.O"" target=""_blank"">(TSLA.O)</a> shares slid to their lowest level in nearly two years on Wednesday after Chief Executive Elon Musk <a href=""/business/autos-transportation/elon-musk-sells-195-mln-tesla-…",-0.1027,0.082,0.821,0.097
"TSLA earnings call for the period ending September 30, 2022.",0.0,0.0,1.0,0.0
"The price of meme coin Dogecoin has rose over 100% in October, according to CoinDesk data.",0.0,0.0,1.0,0.0
"Elon Musk recently floated the possibility of someone succeeding him as Tesla Inc. chief executive, a board member said Wednesday while testifying in a trial over the CEO’s pay package at the electric-vehicle maker.",0.4215,0.092,0.867,0.04
"Platformer's Casey Newton first reported the layoffs Saturday, and said Sunday that about 4,400 of Twitter's 5,500 contract workers in the U.S. and abroad had been let go",0.0,0.0,1.0,0.0
"In a world with more than 20,000 investments to chose from, then being my #2 selection for the year ahead is still pretty impressive. Discover why the ARK Innovation ETF...",0.8442,0.259,0.741,0.0
"It looks like there's a long runway between now and any data or Fed announcement that could derail a rally, according to strategists at Citi.",0.0772,0.097,0.817,0.086
Tesla is in the toilet and some of the people on Wallstreetbets are left holding the bag.,0.0,0.0,1.0,0.0
Tesla's stock is down 44% in 2022 as enthusiasm for the electric car maker fades.,0.4404,0.172,0.828,0.0
"Tesla's earnings per share, free cash flow, and revenue jumped higher in Q3.",0.6705,0.333,0.667,0.0
"Tesla may be led by divisive techno-king Elon Musk. But the business is so strong, I am doubling down.",0.7822,0.256,0.744,0.0
The growth story is still intact and far from over.,0.5267,0.355,0.645,0.0
Tesla Inc. (NASDAQ: TSLA) CEO Elon Musk posted in a thread on Twitter earlier this year advising his followers to own “physical things” when inflation is...,0.0,0.0,1.0,0.0
"Tesla Inc (NASDAQ: TSLA) aimed to commercialize its Cybertruck at the end of 2023, two years after the initial target for the long-awaited pickup truck CEO...",0.0,0.0,1.0,0.0
"Alger Capital, an investment management company, released its “Alger Spectra Fund” third quarter investor letter. A copy of the same can be downloaded here. ...",0.0,0.0,1.0,0.0
Tesla has technically completed its bearish third wave by arriving at $176. Click here to find out why I am recommending a Hold on TSLA.,0.0,0.0,1.0,0.0
Mizuho analyst Vijay Rakesh maintained a Buy on NIO Inc (NYSE: NIO) and cut the price target to $34 from $40. The Tesla Inc (NASDAQ: TSLA) rival reported...,-0.2732,0.0,0.925,0.075
"Tesla is absurdly overvalued and is shackled to Twitter, creating additional peril. Read why risks, for either TWTR or TSLA, are huge if things won't work out.",-0.0772,0.139,0.712,0.149
The FTX drama and Democratic overperformance in midterm elections could spell trouble for the digital-assets industry,-0.4019,0.0,0.847,0.153
"I had a discussion of what is next for Tesla and SpaceX from the four co-authors of the Amazon Best Seller book in the Technology category (Elon Musk Mission). Randy Kirk, Lars Strandridder, John Gibb and I have just published a book–and we sat down to discus…",0.7096,0.126,0.874,0.0
"In this article, I analyze recent reports from banks that have updated their PTs for Tesla stock since the release of its Q3 results. See why TSLA is a hold.",0.0,0.0,1.0,0.0
"Elon Musk never fails to pull his PR stunts, and this Q3 report is no exception. See why I think Musk is a highly effective CEO and a positive catalyst for TSLA.",0.7978,0.255,0.684,0.06
"While the broader markets and growth stocks in particular have been impacted by hawkish comments by the Fed, Tesla has been weighed down by CEO Elon Musk’s recent acquisition of the social media app Twitter.",0.3818,0.071,0.929,0.0
"Tesla shares slipping lower today, hitting lows not seen since November 2020 as continued weakness takes its toll on Tesla bulls.",-0.5574,0.085,0.654,0.262
"Elon Musk had an interview today with Ron Baron. Here are some highlights: * Elon confirms that Tesla will make a lower priced car. Based on previous statements, this will likely be a China designed $20k-35k smaller EV vehicle. This would likely also be a hum…",-0.296,0.0,0.949,0.051
"I was interviewed by Lars at BestinTesla. I talked about why robotaxi at scale competition won’t be coming once Tesla solves robotaxi at scale. Tesla has over 160,000 people currently using FSD and driving 10 million miles per quarter on surface roads with it…",0.2732,0.049,0.951,0.0
"Tesla shares slipping lower today, hitting lows not seen since November 2020 as continued weakness takes its toll on Tesla bulls.",-0.5574,0.085,0.654,0.262
Elon Musk reportedly met with a Mexican governor regarding a potential new investment south of the Texas border.,0.0,0.0,1.0,0.0
Production news from a rival causes concern among the incumbent-carmaker's investors.,0.0,0.0,1.0,0.0
"With the Twitter deal done, hesitant Tesla investors can get off the sidelines.",-0.25,0.0,0.857,0.143
"There are no more Twitter shares for the cryptocurrency's proponents to acquire, after all.",0.0717,0.149,0.719,0.132
The start of Cybertruck production and the end of U.S. interest rate hikes would both be major catalysts for the electric vehicle giant.,0.4588,0.12,0.88,0.0
"There were several news items affecting the electric vehicle king, most of which were positive.",0.5574,0.205,0.795,0.0
There could be trouble brewing for Tesla in China.,-0.4019,0.0,0.748,0.252
Elon Musk hinted about vertical integration during Tesla's third-quarter conference call.,0.0,0.0,1.0,0.0
"Elon Musk acknowledged he has his hands full with Twitter, and that admission might just be what Tesla investors wanted to hear.",0.0,0.0,1.0,0.0
The EV leader couldn't meet the market's sky-high expectations.,0.0,0.0,1.0,0.0
The demand for EVs doesn't seem to be waning -- and that's what ChargePoint is counting on.,-0.128,0.0,0.914,0.086
"Decisions made today could affect the rest of your life, says Chelsea Ransom-Cooper.",0.0,0.0,1.0,0.0
"<ol><li>Futures: GOP To Retake House; Elon Musk Sells More TSLA  Investor's Business Daily
</li><li>Democratic upset in U.S. midterms could roil markets, options mavens say  Yahoo Finance
</li><li>Wall Street is bracing for a potential game changer, but it'…",-0.2023,0.0,0.951,0.049
Philips new CEO starts by slashing thousands of jobs amid device recall woes. Tesla cuts prices in China amid softening demand. Volatility may make a comeback this week as Big Tech reports e,-0.7717,0.0,0.756,0.244
Tesla can leverage its profitability and growth to result in solid long-term returns.,0.6486,0.387,0.613,0.0
Billionaire money managers ran for the exit during the third quarter from this industry-leading company.,0.0,0.0,1.0,0.0
The masses have identified some winning stocks.,0.5267,0.362,0.638,0.0
The electric vehicle giant just issued another recall.,0.0,0.0,1.0,0.0
Elon Musk's purchase of Twitter could impact Tesla several ways.,0.0,0.0,1.0,0.0
"After a brief delay, Tesla has started pushing the FSD beta 10.69.3 to external testers, and they have good things to say about the big update.",0.1531,0.103,0.816,0.082
Is the sale of a few dozen trucks a good enough reason to buy Nikola stock?,0.4404,0.182,0.818,0.0
Worries about demand destruction were stoked by the EV specialist's latest pricing move.,-0.7906,0.0,0.556,0.444
Musk's latest stock sale has investors wondering what lies ahead.,-0.4215,0.0,0.763,0.237
Investors in early stage EV companies keyed on one important factor from Tesla's earnings report.,0.2023,0.114,0.886,0.0
Elon Musk's purchase of Twitter faces a key deadline on Friday. Here are the three outstanding concerns that still need to play out.,0.7506,0.242,0.758,0.0
"During testimony yesterday at trial over Elon Musk’s 2018 pay package, Tesla board member James Murdoch testified that Elon Musk has identified someone as a ...",-0.1027,0.0,0.945,0.055
"Tesla Inc. (TSLA) has just updated the status of its Megafactory in Lathrop, California. The video Tesla has posted on its official Twitter and Instagram account shows actual production is taking place at this factory. We reported the groundbreaking ceremony …",0.0,0.0,1.0,0.0
Self-driving car company Argo AI failure when Ford and VW pulled the plug after spending over $3 billion. It is big evidence that Lidar-dependent self-driving has a long way to go. All of the self-driving car companies except Tesla and Comma were using Lidar.…,-0.5106,0.0,0.927,0.073
"Alexandra Merz proposed that Elon Musk is raising more cash to buy Shift4 to accelerate the move of Twitter into payments processing. Jared Isaacman is the founder and CEO of the payment processing firm Shift4 Payments ($FOUR). He started the firm in 1999, at…",0.0,0.0,1.0,0.0
Musk's latest share sale fueled jitters about the fallout of his Twitter buy on the world's most valuable carmaker.,0.6801,0.248,0.752,0.0
"On the Tesla conference call today, the #1 headline grabber was that Tesla CEO Elon Musk now thinks Tesla [NASDAQ:TSLA] could one day become more valuable than Apple and Saudi Aramco currently are combined. That would entail a massive increase in Tesla’s mark…",0.6901,0.125,0.875,0.0
"If you're looking for just one stock to own, it's tough to beat SPY stock, or the SPDR S&P 500 Trust (SPY). Just one trade instantly exposes you to the entire market and S&P 500 at a very low cost. But should you sell it with the market falling?X Want to own …",0.1036,0.067,0.855,0.078
A weekly look at the most important moves and news in crypto and what's on the horizon in digital assets.,0.4201,0.182,0.818,0.0
Stock and bond ETFs both got a boost from Thursday's inflation report. This week's ETF Wrap also digs into some equal-weighted and actively managed strategies that have seen some increased interest lately.,0.8442,0.272,0.728,0.0
It might be time to give these stock-split stocks a second look.,0.0,0.0,1.0,0.0
"Tesla Inc. (TSLA), Advanced Micro Devices (AMD) and DaVita Inc. (DVA) are three bearish-looking stocks that you should consider shorting this week, writes technical analyst Bob Lang in his latest edition of Bearish Bets....TSLA",0.25,0.057,0.943,0.0
"Tesla (TSLA) is now earning eight times more per car than Toyota, and they are starting to notice back in Japan.
 more…
The post Tesla (TSLA) earns 8 times more per car than Toyota appeared first on Electrek.",0.0,0.0,1.0,0.0
"<ol><li>Dow Jones Futures Rise: Tesla Stock Skids On Earnings, Elon Musk Comments | Investor's Business Daily  Investor's Business Daily
</li><li>Elon Musk makes eye-opening statements on Tesla's earnings call  Fox Business
</li><li>Elon Musk addresses Twit…",0.0,0.0,1.0,0.0
Tech investors are closely monitoring where interest rates will go from here.,0.4588,0.214,0.786,0.0
"Newer companies in the space have a long way to go to catch up, but they're moving forward.",0.0,0.0,1.0,0.0
What's the safest electric vehicle stock to buy if a price war is brewing?,-0.296,0.153,0.625,0.222
Stock markets continued to fall in the wake of the Fed's monetary policy decisions.,0.0,0.0,1.0,0.0
"Behind the scenes, this crypto may be ready to play a more important role in the future of Twitter than Dogecoin.",0.7178,0.291,0.709,0.0
A warning from a Fed official was likely a key driver of their declines.,-0.34,0.0,0.806,0.194
Shares are down but revenue is soaring.,0.1531,0.211,0.789,0.0
"Growth investors need a long time horizon, and these two companies have extremely bright futures.",0.6997,0.326,0.674,0.0
"Markets were higher, but only one of these stocks joined the party.",0.5499,0.244,0.756,0.0
Investors might be selling Tesla shares for the wrong reasons.,-0.2263,0.165,0.602,0.233
"Tesla's valuation may mute returns for the short term, but the business still has a huge runway.",0.4497,0.164,0.836,0.0
"The beating that Tesla’s stock (TSLA) has been through has brought it down to near value stock level, says a Morgan Stanley analyst.
 more…
The post Tesla (TSLA) drops to near value stock level, says analyst appeared first on Electrek.",0.2023,0.11,0.822,0.068
"In early trading on Thursday, investors seemed to be overly focused on the EV giant's third-quarter revenue falling a little short of Wall Street's expectation.",0.25,0.099,0.84,0.061
Tesla shares are back in the spotlight following recent news regarding price cuts for its electric vehicles (EVs) in China.,0.0,0.098,0.804,0.098
Elon Musk Today: The future ain't what it used to be!  | artwork by trish@omerta22PL 2019,0.0,0.0,1.0,0.0
TWTR stock rose as its deal with Elon Musk to acquire the company is set to close Friday. Twitter will be delisted from the NYSE.,0.0,0.0,1.0,0.0
Hydro-Québec and the Ville de Montréal would like to invite media representatives to a press conference regarding Hochelaga substation and the Boisé...,0.4767,0.177,0.823,0.0
"ENJOY YOUR “DEMOCRATIC CENTRALISM,” LEFTIES: Elon Musk Ousts Twitter Board, Named Sole Director: Overhaul of nine-member board comes after billionaire completed $44 billion deal. The board that oversaw Twitter Inc. during its tumultuous sale to Elon Musk has …",0.6037,0.096,0.904,0.0
Reuters Musk's Twitter Cost Cut Plot Could Impact Google Cloud Services As He Orders To Cut Infra Costs By $1B Tesla Inc (NASDAQ: TSLA) CEO Elon Musk has...,-0.4939,0.0,0.861,0.139
"Tesla, Inc (NASDAQ: TSLA) battery supplier Panasonic Holdings Corp (OTC: PCRFF) (OTC: PCRFY) aimed to start building a new battery plant in Kansas in...",0.0,0.0,1.0,0.0
"Tesla has disclosed that Elon Musk sold another $3.9 billion worth of Tesla (TSLA) shares, which the CEO is likely using to finance the dumpster fire that is his Twitter acquisition.
 more…
The post Elon Musk sells another 3.9 billion worth of Tesla (TSLA) to…",0.25,0.12,0.8,0.08
"While the Kia NIRO EV has been on sale for some time now, it’s the Kia EV6 crossover that’s getting all the buzz.",-0.8555,0.0,0.714,0.286
"Big tech is out of favor amid current market conditions, but one analyst said it's only a matter of time before investors regained an appetite for growth.",0.6597,0.218,0.782,0.0
Meta stock jumped Monday as a report said the social network plans large-scale layoffs that could hit thousands of employees.,0.0,0.0,1.0,0.0
"Honda has brought back one of the best cars from the 1990s, and Ford revived the Bronco. Here are a few others we'd like to see revived.",0.7717,0.218,0.782,0.0
"This week on the Electrek Podcast, we discuss the most popular news in the world of sustainable transport and energy. This week, we discuss Tesla opening its charging standard to the industry, Twitter/Elon madness affecting TSLA stock, Tesla’s solar scale bac…",0.3167,0.113,0.824,0.063
"<ol><li>Dow Jones Futures: Cisco, Nvidia Move On Earnings; Key Recession Signal Intensifies | Investor's Business Daily  Investor's Business Daily
</li><li>Stock market news live updates: Stocks sink as retail sales beat, Target earnings miss  Yahoo Finance…",-0.5267,0.0,0.879,0.121
"Energy-intensive cryptos are on the way out. Green, eco-friendly cryptos are on the way in.",0.0,0.0,1.0,0.0
The growth-focused money manager is making moves. Let's check out her shopping list.,0.0,0.0,1.0,0.0
"After listening to Tesla's earnings call, there are reasons to be more bullish than ever.",0.0,0.0,1.0,0.0
"Tesla might have done well in the last few years, but investors should think twice before buying the stock today.",0.1406,0.075,0.925,0.0
Both these stocks have put up great returns for shareholders. But what does the future look like?,0.7003,0.279,0.721,0.0
Sometimes the answer is right in front of you.,0.0,0.0,1.0,0.0
"Tesla stock has suffered, but the company's long-term story remains intact.",0.0258,0.165,0.677,0.158
